geo;name;year;life.satisfaction;happiness.score
afg;Afghanistan;2008;3,724;37,23589897
afg;Afghanistan;2009;4,402;44,01778221
afg;Afghanistan;2010;4,758;47,5838089
afg;Afghanistan;2011;3,832;38,3171916
afg;Afghanistan;2012;3,783;37,82937527
afg;Afghanistan;2013;3,572;35,72100401
afg;Afghanistan;2014;3,131;31,30895615
afg;Afghanistan;2015;3,983;39,82854605
afg;Afghanistan;2016;4,22;42,20168591
afg;Afghanistan;2017;2,662;26,6171813
afg;Afghanistan;2018;2,694;26,94303274
afg;Afghanistan;2019;2,375;23,75091791
alb;Albania;2007;4,634;46,34251595
alb;Albania;2009;5,485;54,85469818
alb;Albania;2010;5,269;52,68936634
alb;Albania;2011;5,867;58,67421627
alb;Albania;2012;5,51;55,10124207
alb;Albania;2013;4,551;45,50647736
alb;Albania;2014;4,814;48,13763142
alb;Albania;2015;4,607;46,06650829
alb;Albania;2016;4,511;45,11100769
alb;Albania;2017;4,64;46,39548302
alb;Albania;2018;5,004;50,04402637
alb;Albania;2019;4,995;49,95317936
alb;Albania;2020;5,365;53,64909649
dza;Algeria;2010;5,464;54,6356678
dza;Algeria;2011;5,317;53,17194462
dza;Algeria;2012;5,605;56,04595661
dza;Algeria;2014;6,355;63,54898453
dza;Algeria;2016;5,341;53,40853691
dza;Algeria;2017;5,249;52,48912334
dza;Algeria;2018;5,043;50,43086052
dza;Algeria;2019;4,745;47,44627476
ago;Angola;2011;5,589;55,89000702
ago;Angola;2012;4,36;43,60249996
ago;Angola;2013;3,937;39,37106848
ago;Angola;2014;3,795;37,94837952
arg;Argentina;2006;6,313;63,12925339
arg;Argentina;2007;6,073;60,73158264
arg;Argentina;2008;5,961;59,61034298
arg;Argentina;2009;6,424;64,24133301
arg;Argentina;2010;6,441;64,41067219
arg;Argentina;2011;6,776;67,75805473
arg;Argentina;2012;6,468;64,68387127
arg;Argentina;2013;6,582;65,82260132
arg;Argentina;2014;6,671;66,71114445
arg;Argentina;2015;6,697;66,9713068
arg;Argentina;2016;6,427;64,27221298
arg;Argentina;2017;6,039;60,39330006
arg;Argentina;2018;5,793;57,92796612
arg;Argentina;2019;6,086;60,85560799
arg;Argentina;2020;5,901;59,00567055
arm;Armenia;2006;4,289;42,89310932
arm;Armenia;2007;4,882;48,81515503
arm;Armenia;2008;4,652;46,51972294
arm;Armenia;2009;4,178;41,77581787
arm;Armenia;2010;4,368;43,67811203
arm;Armenia;2011;4,26;42,60491371
arm;Armenia;2012;4,32;43,19711685
arm;Armenia;2013;4,277;42,77191162
arm;Armenia;2014;4,453;44,53083038
arm;Armenia;2015;4,348;43,4831953
arm;Armenia;2016;4,325;43,25471878
arm;Armenia;2017;4,288;42,87736416
arm;Armenia;2018;5,062;50,62448502
arm;Armenia;2019;5,488;54,880867
aus;Australia;2005;7,341;73,40688229
aus;Australia;2007;7,285;72,85390854
aus;Australia;2008;7,254;72,53757477
aus;Australia;2010;7,45;74,50047016
aus;Australia;2011;7,406;74,05616283
aus;Australia;2012;7,196;71,95585728
aus;Australia;2013;7,364;73,64169121
aus;Australia;2014;7,289;72,88550377
aus;Australia;2015;7,309;73,09060574
aus;Australia;2016;7,25;72,50080109
aus;Australia;2017;7,257;72,5703764
aus;Australia;2018;7,177;71,7699337
aus;Australia;2019;7,234;72,33994961
aus;Australia;2020;7,137;71,37367725
aut;Austria;2006;7,122;71,22211456
aut;Austria;2008;7,181;71,80953979
aut;Austria;2010;7,303;73,02678585
aut;Austria;2011;7,471;74,70512867
aut;Austria;2012;7,401;74,00688648
aut;Austria;2013;7,499;74,98802662
aut;Austria;2014;6,95;69,49999809
aut;Austria;2015;7,076;70,7644701
aut;Austria;2016;7,048;70,48071861
aut;Austria;2017;7,294;72,93727875
aut;Austria;2018;7,396;73,96001816
aut;Austria;2019;7,195;71,95361137
aut;Austria;2020;7,213;72,13489056
aze;Azerbaijan;2006;4,728;47,27870941
aze;Azerbaijan;2007;4,568;45,6815958
aze;Azerbaijan;2008;4,817;48,17189217
aze;Azerbaijan;2009;4,574;45,73725224
aze;Azerbaijan;2010;4,219;42,18610764
aze;Azerbaijan;2011;4,68;46,80469513
aze;Azerbaijan;2012;4,911;49,10771847
aze;Azerbaijan;2013;5,481;54,81178284
aze;Azerbaijan;2014;5,252;52,5153017
aze;Azerbaijan;2015;5,147;51,46774769
aze;Azerbaijan;2016;5,304;53,03894997
aze;Azerbaijan;2017;5,152;51,52279377
aze;Azerbaijan;2018;5,168;51,67995453
aze;Azerbaijan;2019;5,173;51,73389435
bhr;Bahrain;2009;5,701;57,00523376
bhr;Bahrain;2010;5,937;59,36869144
bhr;Bahrain;2011;4,824;48,2397604
bhr;Bahrain;2012;5,027;50,27186871
bhr;Bahrain;2013;6,69;66,89711094
bhr;Bahrain;2014;6,165;61,65133953
bhr;Bahrain;2015;6,007;60,0737524
bhr;Bahrain;2016;6,17;61,69673443
bhr;Bahrain;2017;6,227;62,27320671
bhr;Bahrain;2019;7,098;70,98012447
bhr;Bahrain;2020;6,173;61,73175812
bgd;Bangladesh;2006;4,319;43,18909168
bgd;Bangladesh;2007;4,607;46,07322216
bgd;Bangladesh;2008;5,052;50,52278519
bgd;Bangladesh;2009;5,083;50,8285141
bgd;Bangladesh;2010;4,858;48,58481407
bgd;Bangladesh;2011;4,986;49,85649109
bgd;Bangladesh;2012;4,724;47,24443913
bgd;Bangladesh;2013;4,66;46,60161018
bgd;Bangladesh;2014;4,636;46,35564804
bgd;Bangladesh;2015;4,633;46,33473873
bgd;Bangladesh;2016;4,556;45,561409
bgd;Bangladesh;2017;4,31;43,09771061
bgd;Bangladesh;2018;4,499;44,99217033
bgd;Bangladesh;2019;5,114;51,14216805
bgd;Bangladesh;2020;5,28;52,79986858
blr;Belarus;2006;5,658;56,57649994
blr;Belarus;2007;5,617;56,16976261
blr;Belarus;2008;5,463;54,63332176
blr;Belarus;2009;5,564;55,6413126
blr;Belarus;2010;5,526;55,25923252
blr;Belarus;2011;5,225;52,25307941
blr;Belarus;2012;5,749;57,49043465
blr;Belarus;2013;5,876;58,76466274
blr;Belarus;2014;5,812;58,12400818
blr;Belarus;2015;5,719;57,18907833
blr;Belarus;2016;5,178;51,77899361
blr;Belarus;2017;5,553;55,52915096
blr;Belarus;2018;5,234;52,33769894
blr;Belarus;2019;5,821;58,21453094
bel;Belgium;2005;7,262;72,62290478
bel;Belgium;2007;7,219;72,18839645
bel;Belgium;2008;7,117;71,16590977
bel;Belgium;2010;6,854;68,53514194
bel;Belgium;2011;7,111;71,11363888
bel;Belgium;2012;6,935;69,35122013
bel;Belgium;2013;7,104;71,0366106
bel;Belgium;2014;6,855;68,55329037
bel;Belgium;2015;6,904;69,04219151
bel;Belgium;2016;6,949;69,48936462
bel;Belgium;2017;6,928;69,28347588
bel;Belgium;2018;6,892;68,9217186
bel;Belgium;2019;6,772;67,72138119
bel;Belgium;2020;6,839;68,38760853
blz;Belize;2007;6,451;64,50644493
blz;Belize;2014;5,956;59,55646515
ben;Benin;2006;3,33;33,29801559
ben;Benin;2008;3,667;36,6713953
ben;Benin;2011;3,87;38,70279551
ben;Benin;2012;3,193;31,93468809
ben;Benin;2013;3,479;34,79412794
ben;Benin;2014;3,347;33,47419262
ben;Benin;2015;3,625;36,24664307
ben;Benin;2016;4,007;40,07357597
ben;Benin;2017;4,853;48,53180885
ben;Benin;2018;5,82;58,1982708
ben;Benin;2019;4,976;49,76360798
ben;Benin;2020;4,408;44,07745838
btn;Bhutan;2013;5,569;55,69091797
btn;Bhutan;2014;4,939;49,38578129
btn;Bhutan;2015;5,082;50,82128525
bol;Bolivia;2006;5,374;53,73986244
bol;Bolivia;2007;5,628;56,28419399
bol;Bolivia;2008;5,298;52,97872543
bol;Bolivia;2009;6,086;60,85579395
bol;Bolivia;2010;5,781;57,80620098
bol;Bolivia;2011;5,779;57,78874397
bol;Bolivia;2012;6,019;60,18894672
bol;Bolivia;2013;5,767;57,67428875
bol;Bolivia;2014;5,865;58,64798546
bol;Bolivia;2015;5,834;58,34329128
bol;Bolivia;2016;5,77;57,69723415
bol;Bolivia;2017;5,651;56,5055275
bol;Bolivia;2018;5,916;59,15734291
bol;Bolivia;2019;5,674;56,7427063
bol;Bolivia;2020;5,559;55,59258938
bih;Bosnia and Herzegovina;2007;4,9;48,99806976
bih;Bosnia and Herzegovina;2009;4,963;49,63477135
bih;Bosnia and Herzegovina;2010;4,669;46,6851759
bih;Bosnia and Herzegovina;2011;4,995;49,94670868
bih;Bosnia and Herzegovina;2012;4,773;47,73144722
bih;Bosnia and Herzegovina;2013;5,124;51,23664379
bih;Bosnia and Herzegovina;2014;5,249;52,48954296
bih;Bosnia and Herzegovina;2015;5,117;51,17177963
bih;Bosnia and Herzegovina;2016;5,181;51,80865288
bih;Bosnia and Herzegovina;2017;5,09;50,89902401
bih;Bosnia and Herzegovina;2018;5,887;58,87401104
bih;Bosnia and Herzegovina;2019;6,016;60,1552248
bih;Bosnia and Herzegovina;2020;5,516;55,15816212
bwa;Botswana;2006;4,739;47,39367008
bwa;Botswana;2008;5,451;54,51147079
bwa;Botswana;2010;3,553;35,53020239
bwa;Botswana;2011;3,52;35,19921064
bwa;Botswana;2012;4,836;48,35938931
bwa;Botswana;2013;4,128;41,28298759
bwa;Botswana;2014;4,031;40,31197071
bwa;Botswana;2015;3,762;37,61964798
bwa;Botswana;2016;3,499;34,98936653
bwa;Botswana;2017;3,505;35,04881144
bwa;Botswana;2018;3,461;34,613657
bwa;Botswana;2019;3,471;34,71084833
bra;Brazil;2005;6,637;66,36771202
bra;Brazil;2007;6,321;63,20672989
bra;Brazil;2008;6,691;66,91424847
bra;Brazil;2009;7,001;70,00831604
bra;Brazil;2010;6,837;68,37331295
bra;Brazil;2011;7,038;70,37816525
bra;Brazil;2012;6,66;66,60003662
bra;Brazil;2013;7,14;71,40282631
bra;Brazil;2014;6,981;69,80998993
bra;Brazil;2015;6,547;65,46896935
bra;Brazil;2016;6,375;63,74817371
bra;Brazil;2017;6,333;63,32929134
bra;Brazil;2018;6,191;61,90921783
bra;Brazil;2019;6,451;64,51148987
bra;Brazil;2020;6,11;61,09717846
bgr;Bulgaria;2007;3,844;38,43797922
bgr;Bulgaria;2010;3,912;39,12276268
bgr;Bulgaria;2011;3,875;38,75382423
bgr;Bulgaria;2012;4,222;42,22297192
bgr;Bulgaria;2013;3,993;39,93020535
bgr;Bulgaria;2014;4,438;44,38439846
bgr;Bulgaria;2015;4,865;48,65401268
bgr;Bulgaria;2016;4,838;48,37560654
bgr;Bulgaria;2017;5,097;50,96901894
bgr;Bulgaria;2018;5,099;50,98813534
bgr;Bulgaria;2019;5,108;51,08438015
bgr;Bulgaria;2020;5,598;55,97723007
bfa;Burkina Faso;2006;3,801;38,01490784
bfa;Burkina Faso;2007;4,017;40,17130375
bfa;Burkina Faso;2008;3,846;38,46438885
bfa;Burkina Faso;2010;4,036;40,35560608
bfa;Burkina Faso;2011;4,785;47,85367489
bfa;Burkina Faso;2012;3,955;39,5500803
bfa;Burkina Faso;2013;3,326;33,25949669
bfa;Burkina Faso;2014;3,481;34,81347799
bfa;Burkina Faso;2015;4,419;44,18930054
bfa;Burkina Faso;2016;4,206;42,05634594
bfa;Burkina Faso;2017;4,647;46,46891117
bfa;Burkina Faso;2018;4,927;49,2723608
bfa;Burkina Faso;2019;4,741;47,40892887
bdi;Burundi;2008;3,563;35,63227654
bdi;Burundi;2009;3,792;37,91680813
bdi;Burundi;2011;3,706;37,05894232
bdi;Burundi;2014;2,905;29,04535055
bdi;Burundi;2018;3,775;37,75283098
khm;Cambodia;2006;3,569;35,68744659
khm;Cambodia;2007;4,156;41,5597105
khm;Cambodia;2008;4,462;44,62163925
khm;Cambodia;2009;4,111;41,10625744
khm;Cambodia;2010;4,141;41,41072273
khm;Cambodia;2011;4,161;41,61225319
khm;Cambodia;2012;3,899;38,98706913
khm;Cambodia;2013;3,674;36,74466848
khm;Cambodia;2014;3,883;38,8330555
khm;Cambodia;2015;4,162;41,62164688
khm;Cambodia;2016;4,461;44,61259365
khm;Cambodia;2017;4,586;45,85842133
khm;Cambodia;2018;5,122;51,21837616
khm;Cambodia;2019;4,998;49,98284817
khm;Cambodia;2020;4,377;43,76985073
cmr;Cameroon;2006;3,851;38,51072073
cmr;Cameroon;2007;4,35;43,49939346
cmr;Cameroon;2008;4,292;42,91800499
cmr;Cameroon;2009;4,741;47,41408348
cmr;Cameroon;2010;4,554;45,54256916
cmr;Cameroon;2011;4,434;44,33885098
cmr;Cameroon;2012;4,245;42,44634151
cmr;Cameroon;2013;4,271;42,71038055
cmr;Cameroon;2014;4,24;42,40441322
cmr;Cameroon;2015;5,038;50,37964821
cmr;Cameroon;2016;4,816;48,16232204
cmr;Cameroon;2017;5,074;50,7405138
cmr;Cameroon;2018;5,251;52,50737667
cmr;Cameroon;2019;4,937;49,36737537
cmr;Cameroon;2020;5,241;52,410779
can;Canada;2005;7,418;74,18048382
can;Canada;2007;7,482;74,81752872
can;Canada;2008;7,486;74,85603809
can;Canada;2009;7,488;74,8782444
can;Canada;2010;7,65;76,50346279
can;Canada;2011;7,426;74,26053524
can;Canada;2012;7,415;74,15144444
can;Canada;2013;7,594;75,93793869
can;Canada;2014;7,304;73,0425787
can;Canada;2015;7,413;74,12772655
can;Canada;2016;7,245;72,44845867
can;Canada;2017;7,415;74,14868355
can;Canada;2018;7,175;71,75496578
can;Canada;2019;7,109;71,090765
can;Canada;2020;7,025;70,24904728
caf;Central African Republic;2007;4,16;41,60129547
caf;Central African Republic;2010;3,568;35,67892551
caf;Central African Republic;2011;3,678;36,77826405
caf;Central African Republic;2016;2,693;26,93061113
caf;Central African Republic;2017;3,476;34,75862026
tcd;Chad;2006;3,435;34,34800625
tcd;Chad;2007;4,141;41,41326904
tcd;Chad;2008;4,632;46,32468224
tcd;Chad;2009;3,639;36,39445066
tcd;Chad;2010;3,743;37,42871046
tcd;Chad;2011;4,393;43,93482208
tcd;Chad;2012;4,033;40,3297472
tcd;Chad;2013;3,508;35,07663012
tcd;Chad;2014;3,46;34,60182905
tcd;Chad;2015;4,323;43,22675228
tcd;Chad;2016;4,029;40,29350281
tcd;Chad;2017;4,559;45,58937073
tcd;Chad;2018;4,486;44,86325264
tcd;Chad;2019;4,251;42,50799179
chl;Chile;2006;6,063;60,62851906
chl;Chile;2007;5,698;56,97929859
chl;Chile;2008;5,789;57,89438725
chl;Chile;2009;6,494;64,93686199
chl;Chile;2010;6,636;66,3565588
chl;Chile;2011;6,526;65,26334763
chl;Chile;2012;6,599;65,99128723
chl;Chile;2013;6,74;67,4015379
chl;Chile;2014;6,844;68,44238281
chl;Chile;2015;6,533;65,32749653
chl;Chile;2016;6,579;65,79056263
chl;Chile;2017;6,32;63,20119381
chl;Chile;2018;6,436;64,36220646
chl;Chile;2019;5,942;59,42250252
chl;Chile;2020;6,151;61,50642872
chn;China;2006;4,56;45,60495377
chn;China;2007;4,863;48,6286211
chn;China;2008;4,846;48,4629488
chn;China;2009;4,454;44,54360962
chn;China;2010;4,653;46,52736664
chn;China;2011;5,037;50,37207603
chn;China;2012;5,095;50,94917297
chn;China;2013;5,241;52,41090298
chn;China;2014;5,196;51,95619106
chn;China;2015;5,304;53,03877831
chn;China;2016;5,325;53,2495594
chn;China;2017;5,099;50,99061489
chn;China;2018;5,131;51,31433964
chn;China;2019;5,144;51,44120216
chn;China;2020;5,771;57,71064758
col;Colombia;2006;6,025;60,24942875
col;Colombia;2007;6,138;61,38411522
col;Colombia;2008;6,168;61,68395042
col;Colombia;2009;6,272;62,71604538
col;Colombia;2010;6,408;64,0811348
col;Colombia;2011;6,464;64,63952541
col;Colombia;2012;6,375;63,74879837
col;Colombia;2013;6,607;66,06550694
col;Colombia;2014;6,449;64,4878912
col;Colombia;2015;6,388;63,87571812
col;Colombia;2016;6,234;62,33715057
col;Colombia;2017;6,157;61,57341957
col;Colombia;2018;5,984;59,83512402
col;Colombia;2019;6,35;63,50297928
col;Colombia;2020;5,709;57,0917511
com;Comoros;2009;3,476;34,7602725
com;Comoros;2010;3,812;38,1219101
com;Comoros;2011;3,838;38,38485956
com;Comoros;2012;3,956;39,55640316
com;Comoros;2018;3,973;39,72819567
com;Comoros;2019;4,609;46,08616352
cod;Congo, Dem. Rep.;2009;3,984;39,83848572
cod;Congo, Dem. Rep.;2011;4,517;45,16963959
cod;Congo, Dem. Rep.;2012;4,639;46,3922739
cod;Congo, Dem. Rep.;2013;4,497;44,97477055
cod;Congo, Dem. Rep.;2014;4,414;44,14299965
cod;Congo, Dem. Rep.;2015;3,903;39,02741671
cod;Congo, Dem. Rep.;2016;4,522;45,21935463
cod;Congo, Dem. Rep.;2017;4,311;43,11033249
cog;Congo, Rep.;2008;3,82;38,19792271
cog;Congo, Rep.;2011;4,51;45,09824276
cog;Congo, Rep.;2012;3,919;39,19341803
cog;Congo, Rep.;2013;3,955;39,54950571
cog;Congo, Rep.;2014;4,056;40,5601263
cog;Congo, Rep.;2015;4,691;46,90830231
cog;Congo, Rep.;2016;4,119;41,19493484
cog;Congo, Rep.;2017;4,884;48,83991241
cog;Congo, Rep.;2018;5,49;54,90214348
cog;Congo, Rep.;2019;5,213;52,12622643
cri;Costa Rica;2006;7,082;70,82465172
cri;Costa Rica;2007;7,432;74,32132244
cri;Costa Rica;2008;6,851;68,50679874
cri;Costa Rica;2009;7,615;76,14928722
cri;Costa Rica;2010;7,271;72,71053791
cri;Costa Rica;2011;7,229;72,28888512
cri;Costa Rica;2012;7,272;72,72250175
cri;Costa Rica;2013;7,158;71,58000469
cri;Costa Rica;2014;7,247;72,47086048
cri;Costa Rica;2015;6,854;68,54004383
cri;Costa Rica;2016;7,136;71,35617733
cri;Costa Rica;2017;7,225;72,2518158
cri;Costa Rica;2018;7,141;71,41074657
cri;Costa Rica;2019;6,998;69,97618675
civ;Cote d'Ivoire;2009;4,197;41,97181702
civ;Cote d'Ivoire;2013;3,739;37,39365578
civ;Cote d'Ivoire;2014;3,57;35,70368528
civ;Cote d'Ivoire;2015;4,445;44,45038795
civ;Cote d'Ivoire;2016;4,543;45,42545795
civ;Cote d'Ivoire;2017;5,038;50,37734985
civ;Cote d'Ivoire;2018;5,268;52,6837492
civ;Cote d'Ivoire;2019;5,392;53,92012119
civ;Cote d'Ivoire;2020;5,257;52,56503582
hrv;Croatia;2007;5,821;58,20907593
hrv;Croatia;2009;5,433;54,33319569
hrv;Croatia;2010;5,596;55,95575333
hrv;Croatia;2011;5,385;53,85372639
hrv;Croatia;2012;6,028;60,27634621
hrv;Croatia;2013;5,885;58,85462761
hrv;Croatia;2014;5,381;53,80692482
hrv;Croatia;2015;5,205;52,05438137
hrv;Croatia;2016;5,417;54,16875362
hrv;Croatia;2017;5,343;53,43165874
hrv;Croatia;2018;5,536;55,36271095
hrv;Croatia;2019;5,626;56,25743866
hrv;Croatia;2020;6,508;65,07992268
cub;Cuba;2006;5,418;54,17868614
cyp;Cyprus;2006;6,238;62,37958431
cyp;Cyprus;2009;6,833;68,33477497
cyp;Cyprus;2010;6,387;63,86546135
cyp;Cyprus;2011;6,69;66,89608574
cyp;Cyprus;2012;6,181;61,80507183
cyp;Cyprus;2013;5,439;54,38952446
cyp;Cyprus;2014;5,627;56,27123833
cyp;Cyprus;2015;5,439;54,39161301
cyp;Cyprus;2016;5,795;57,94618607
cyp;Cyprus;2017;6,062;60,62051296
cyp;Cyprus;2018;6,276;62,76443005
cyp;Cyprus;2019;6,137;61,36832714
cyp;Cyprus;2020;6,26;62,59810448
cze;Czech Republic;2005;6,439;64,39256668
cze;Czech Republic;2007;6,5;65,00194073
cze;Czech Republic;2010;6,25;62,49617577
cze;Czech Republic;2011;6,331;63,31490993
cze;Czech Republic;2012;6,334;63,34149361
cze;Czech Republic;2013;6,698;66,97655678
cze;Czech Republic;2014;6,484;64,83729839
cze;Czech Republic;2015;6,608;66,08017445
cze;Czech Republic;2016;6,736;67,35627174
cze;Czech Republic;2017;6,79;67,89567947
cze;Czech Republic;2018;7,034;70,34165382
cze;Czech Republic;2020;6,897;68,97091389
dnk;Denmark;2005;8,019;80,1893425
dnk;Denmark;2007;7,834;78,34233284
dnk;Denmark;2008;7,971;79,70891953
dnk;Denmark;2009;7,683;76,83358669
dnk;Denmark;2010;7,771;77,70515442
dnk;Denmark;2011;7,788;77,8823185
dnk;Denmark;2012;7,52;75,19909382
dnk;Denmark;2013;7,589;75,88606834
dnk;Denmark;2014;7,508;75,07559299
dnk;Denmark;2015;7,514;75,14424801
dnk;Denmark;2016;7,558;75,5778265
dnk;Denmark;2017;7,594;75,93702316
dnk;Denmark;2018;7,649;76,48785591
dnk;Denmark;2019;7,693;76,93003178
dnk;Denmark;2020;7,515;75,14631271
dji;Djibouti;2008;5,009;50,09330273
dji;Djibouti;2009;4,906;49,05925274
dji;Djibouti;2010;5,006;50,05810738
dji;Djibouti;2011;4,369;43,69193554
dom;Dominican Republic;2006;5,088;50,87967873
dom;Dominican Republic;2007;5,081;50,81305981
dom;Dominican Republic;2008;4,842;48,4230566
dom;Dominican Republic;2009;5,432;54,31613922
dom;Dominican Republic;2010;4,735;47,35021114
dom;Dominican Republic;2011;5,397;53,96535397
dom;Dominican Republic;2012;4,753;47,53311157
dom;Dominican Republic;2013;5,016;50,15515327
dom;Dominican Republic;2014;5,387;53,87331963
dom;Dominican Republic;2015;5,062;50,61862469
dom;Dominican Republic;2016;5,239;52,38698483
dom;Dominican Republic;2017;5,605;56,05202675
dom;Dominican Republic;2018;5,433;54,33215618
dom;Dominican Republic;2019;6,004;60,04237175
dom;Dominican Republic;2020;5,168;51,68409824
ecu;Ecuador;2006;5,024;50,2419138
ecu;Ecuador;2007;4,996;49,95875359
ecu;Ecuador;2008;5,297;52,96513081
ecu;Ecuador;2009;6,022;60,21803379
ecu;Ecuador;2010;5,838;58,38051319
ecu;Ecuador;2011;5,795;57,95088291
ecu;Ecuador;2012;5,961;59,60716248
ecu;Ecuador;2013;6,019;60,19206047
ecu;Ecuador;2014;5,946;59,45851803
ecu;Ecuador;2015;5,964;59,64075089
ecu;Ecuador;2016;6,115;61,15437508
ecu;Ecuador;2017;5,84;58,39518547
ecu;Ecuador;2018;6,128;61,28010273
ecu;Ecuador;2019;5,809;58,09131145
ecu;Ecuador;2020;5,354;53,5446167
egy;Egypt;2005;5,168;51,67754173
egy;Egypt;2007;5,541;55,40510654
egy;Egypt;2008;4,632;46,31741047
egy;Egypt;2009;5,066;50,66164494
egy;Egypt;2010;4,669;46,68916225
egy;Egypt;2011;4,174;41,74158573
egy;Egypt;2012;4,204;42,04156876
egy;Egypt;2013;3,559;35,58520317
egy;Egypt;2014;4,885;48,85072708
egy;Egypt;2015;4,763;47,62538433
egy;Egypt;2016;4,557;45,56740761
egy;Egypt;2017;3,929;39,29344177
egy;Egypt;2018;4,005;40,05450726
egy;Egypt;2019;4,328;43,27831745
egy;Egypt;2020;4,472;44,72396851
slv;El Salvador;2006;5,701;57,00929642
slv;El Salvador;2007;5,296;52,95535088
slv;El Salvador;2008;5,191;51,91493988
slv;El Salvador;2009;6,839;68,39087009
slv;El Salvador;2010;6,74;67,39911079
slv;El Salvador;2011;4,741;47,41294861
slv;El Salvador;2012;5,934;59,34371471
slv;El Salvador;2013;6,325;63,25063229
slv;El Salvador;2014;5,857;58,56523514
slv;El Salvador;2015;6,018;60,18496037
slv;El Salvador;2016;6,14;61,39824867
slv;El Salvador;2017;6,339;63,39318275
slv;El Salvador;2018;6,241;62,41199493
slv;El Salvador;2019;6,455;64,54820633
slv;El Salvador;2020;5,462;54,61926937
est;Estonia;2006;5,371;53,71054649
est;Estonia;2007;5,332;53,32044125
est;Estonia;2008;5,452;54,51937675
est;Estonia;2009;5,138;51,37738705
est;Estonia;2011;5,487;54,86819744
est;Estonia;2012;5,364;53,63927841
est;Estonia;2013;5,367;53,67445946
est;Estonia;2014;5,556;55,5598259
est;Estonia;2015;5,629;56,28908634
est;Estonia;2016;5,65;56,49675369
est;Estonia;2017;5,938;59,38395977
est;Estonia;2018;6,091;60,91302395
est;Estonia;2019;6,035;60,34641266
est;Estonia;2020;6,453;64,52563763
eth;Ethiopia;2012;4,561;45,61168671
eth;Ethiopia;2013;4,445;44,4482708
eth;Ethiopia;2014;4,507;45,06646633
eth;Ethiopia;2015;4,573;45,73154926
eth;Ethiopia;2016;4,298;42,97848701
eth;Ethiopia;2017;4,18;41,80315495
eth;Ethiopia;2018;4,379;43,79262447
eth;Ethiopia;2019;4,1;40,99555016
eth;Ethiopia;2020;4,549;45,49219608
fin;Finland;2006;7,672;76,72449112
fin;Finland;2008;7,671;76,7062664
fin;Finland;2010;7,393;73,93264294
fin;Finland;2011;7,354;73,54225159
fin;Finland;2012;7,42;74,20209408
fin;Finland;2013;7,445;74,44635868
fin;Finland;2014;7,385;73,84571075
fin;Finland;2015;7,448;74,47925568
fin;Finland;2016;7,66;76,59843445
fin;Finland;2017;7,788;77,88251877
fin;Finland;2018;7,858;78,5810709
fin;Finland;2019;7,78;77,80347824
fin;Finland;2020;7,889;78,89349937
fra;France;2005;7,093;70,93392849
fra;France;2006;6,583;65,82700253
fra;France;2008;7,008;70,08064747
fra;France;2009;6,283;62,83498287
fra;France;2010;6,798;67,97901154
fra;France;2011;6,959;69,59185123
fra;France;2012;6,649;66,49365425
fra;France;2013;6,667;66,6712141
fra;France;2014;6,467;64,66867924
fra;France;2015;6,358;63,57625008
fra;France;2016;6,475;64,75208759
fra;France;2017;6,635;66,35222435
fra;France;2018;6,666;66,65903568
fra;France;2019;6,69;66,89644337
fra;France;2020;6,714;67,14111805
gab;Gabon;2011;4,255;42,55400658
gab;Gabon;2012;3,972;39,7205925
gab;Gabon;2013;3,8;38,00287008
gab;Gabon;2014;3,918;39,18073177
gab;Gabon;2015;4,661;46,6101265
gab;Gabon;2016;4,832;48,31764221
gab;Gabon;2017;4,782;47,82382965
gab;Gabon;2018;4,783;47,83009052
gab;Gabon;2019;4,914;49,14393425
gmb;Gambia;2017;4,118;41,17938995
gmb;Gambia;2018;4,922;49,22099113
gmb;Gambia;2019;5,164;51,63627148
geo;Georgia;2006;3,675;36,75108433
geo;Georgia;2007;3,707;37,07194567
geo;Georgia;2008;4,156;41,5609026
geo;Georgia;2009;3,801;38,00639153
geo;Georgia;2010;4,102;41,01837158
geo;Georgia;2011;4,203;42,03030586
geo;Georgia;2012;4,254;42,54445553
geo;Georgia;2013;4,349;43,48920822
geo;Georgia;2014;4,288;42,87508011
geo;Georgia;2015;4,122;41,21940613
geo;Georgia;2016;4,448;44,48386192
geo;Georgia;2017;4,451;44,5077467
geo;Georgia;2018;4,659;46,59097195
geo;Georgia;2019;4,892;48,9183569
geo;Georgia;2020;5,123;51,23143196
deu;Germany;2005;6,62;66,19549751
deu;Germany;2007;6,417;64,16819572
deu;Germany;2008;6,522;65,21790028
deu;Germany;2009;6,641;66,4149332
deu;Germany;2010;6,725;67,24531174
deu;Germany;2011;6,621;66,21312141
deu;Germany;2012;6,702;67,02362061
deu;Germany;2013;6,965;69,65125084
deu;Germany;2014;6,984;69,84214306
deu;Germany;2015;7,037;70,37137508
deu;Germany;2016;6,874;68,73763084
deu;Germany;2017;7,074;70,74324608
deu;Germany;2018;7,118;71,18364334
deu;Germany;2019;7,035;70,35472393
deu;Germany;2020;7,312;73,11897755
gha;Ghana;2006;4,535;45,35019875
gha;Ghana;2007;5,22;52,20148087
gha;Ghana;2008;4,965;49,65134621
gha;Ghana;2009;4,198;41,97695732
gha;Ghana;2010;4,606;46,06251717
gha;Ghana;2011;5,608;56,08199596
gha;Ghana;2012;5,057;50,57261944
gha;Ghana;2013;4,965;49,65053082
gha;Ghana;2014;3,86;38,60351086
gha;Ghana;2015;3,986;39,85916138
gha;Ghana;2016;4,514;45,14411449
gha;Ghana;2017;5,481;54,81310844
gha;Ghana;2018;5,004;50,03693104
gha;Ghana;2019;4,967;49,6680975
gha;Ghana;2020;5,319;53,1948328
grc;Greece;2005;6,006;60,06309986
grc;Greece;2007;6,647;66,46961212
grc;Greece;2009;6,039;60,38574696
grc;Greece;2010;5,84;58,39558601
grc;Greece;2011;5,372;53,72039795
grc;Greece;2012;5,096;50,96354008
grc;Greece;2013;4,72;47,20251083
grc;Greece;2014;4,756;47,5623703
grc;Greece;2015;5,623;56,22519016
grc;Greece;2016;5,303;53,02619457
grc;Greece;2017;5,148;51,4824152
grc;Greece;2018;5,409;54,0928936
grc;Greece;2019;5,952;59,52157497
grc;Greece;2020;5,788;57,87615776
gtm;Guatemala;2006;5,901;59,01429176
gtm;Guatemala;2007;6,33;63,29581261
gtm;Guatemala;2008;6,414;64,14494514
gtm;Guatemala;2009;6,452;64,51916218
gtm;Guatemala;2010;6,29;62,89748669
gtm;Guatemala;2011;5,743;57,43353844
gtm;Guatemala;2012;5,856;58,55717182
gtm;Guatemala;2013;5,985;59,84601498
gtm;Guatemala;2014;6,536;65,36030769
gtm;Guatemala;2015;6,465;64,64986801
gtm;Guatemala;2016;6,359;63,58916283
gtm;Guatemala;2017;6,325;63,25118542
gtm;Guatemala;2018;6,627;66,26591682
gtm;Guatemala;2019;6,262;62,62175083
gin;Guinea;2011;4,045;40,44569492
gin;Guinea;2012;3,652;36,51554823
gin;Guinea;2013;3,902;39,01793003
gin;Guinea;2014;3,412;34,124825
gin;Guinea;2015;3,505;35,04693508
gin;Guinea;2016;3,603;36,02854729
gin;Guinea;2017;4,874;48,73722553
gin;Guinea;2018;5,252;52,5222683
gin;Guinea;2019;4,768;47,6768446
guy;Guyana;2007;5,993;59,92826462
hti;Haiti;2006;3,754;37,54156113
hti;Haiti;2008;3,846;38,46329212
hti;Haiti;2010;3,766;37,6599884
hti;Haiti;2011;4,845;48,44573975
hti;Haiti;2012;4,413;44,13475037
hti;Haiti;2013;4,622;46,2196207
hti;Haiti;2014;3,889;38,88778448
hti;Haiti;2015;3,57;35,69762468
hti;Haiti;2016;3,352;33,52300167
hti;Haiti;2017;3,824;38,23865652
hti;Haiti;2018;3,615;36,14928007
hnd;Honduras;2006;5,397;53,96519661
hnd;Honduras;2007;5,097;50,9715414
hnd;Honduras;2008;5,42;54,20331001
hnd;Honduras;2009;6,033;60,33189297
hnd;Honduras;2010;5,866;58,66131306
hnd;Honduras;2011;4,961;49,61031437
hnd;Honduras;2012;4,602;46,02218151
hnd;Honduras;2013;4,713;47,13358402
hnd;Honduras;2014;5,056;50,55726051
hnd;Honduras;2015;4,845;48,45436573
hnd;Honduras;2016;5,648;56,48154736
hnd;Honduras;2017;6,02;60,19985676
hnd;Honduras;2018;5,908;59,08423901
hnd;Honduras;2019;5,93;59,30051327
hkg;Hong Kong, China;2006;5,511;55,11187077
hkg;Hong Kong, China;2008;5,137;51,37261868
hkg;Hong Kong, China;2009;5,397;53,97055626
hkg;Hong Kong, China;2010;5,643;56,42834663
hkg;Hong Kong, China;2011;5,474;54,74010944
hkg;Hong Kong, China;2012;5,484;54,83764648
hkg;Hong Kong, China;2014;5,458;54,58050728
hkg;Hong Kong, China;2016;5,498;54,98420715
hkg;Hong Kong, China;2017;5,362;53,62474918
hkg;Hong Kong, China;2019;5,659;56,59317017
hkg;Hong Kong, China;2020;5,295;52,95341492
hun;Hungary;2005;5,194;51,93933487
hun;Hungary;2007;4,954;49,53917027
hun;Hungary;2009;4,895;48,94600391
hun;Hungary;2010;4,725;47,25132465
hun;Hungary;2011;4,918;49,17602539
hun;Hungary;2012;4,683;46,83358192
hun;Hungary;2013;4,914;49,14466858
hun;Hungary;2014;5,181;51,8056345
hun;Hungary;2015;5,344;53,4438324
hun;Hungary;2016;5,449;54,48901653
hun;Hungary;2017;6,065;60,65038681
hun;Hungary;2018;5,936;59,35770988
hun;Hungary;2019;6;60,00259876
hun;Hungary;2020;6,038;60,38049698
isl;Iceland;2008;6,888;68,88284206
isl;Iceland;2012;7,591;75,90660095
isl;Iceland;2013;7,501;75,01394272
isl;Iceland;2015;7,498;74,98070717
isl;Iceland;2016;7,51;75,10034561
isl;Iceland;2017;7,476;74,76213932
isl;Iceland;2019;7,533;75,32504559
isl;Iceland;2020;7,575;75,75489521
ind;India;2006;5,348;53,48258972
ind;India;2007;5,027;50,2679348
ind;India;2008;5,146;51,45833015
ind;India;2009;4,522;45,21517754
ind;India;2010;4,989;49,89277363
ind;India;2011;4,635;46,34871483
ind;India;2012;4,72;47,20146656
ind;India;2013;4,428;44,27788734
ind;India;2014;4,424;44,24379349
ind;India;2015;4,342;43,42079163
ind;India;2016;4,179;41,79177284
ind;India;2017;4,046;40,46111107
ind;India;2018;3,818;38,18068743
ind;India;2019;3,249;32,4876976
ind;India;2020;4,225;42,25281239
idn;Indonesia;2006;4,947;49,46978092
idn;Indonesia;2007;5,101;51,01213932
idn;Indonesia;2008;4,815;48,15309525
idn;Indonesia;2009;5,472;54,72361088
idn;Indonesia;2010;5,457;54,57299232
idn;Indonesia;2011;5,173;51,72608376
idn;Indonesia;2012;5,368;53,6777401
idn;Indonesia;2013;5,292;52,92237759
idn;Indonesia;2014;5,597;55,97375393
idn;Indonesia;2015;5,043;50,4279995
idn;Indonesia;2016;5,136;51,36325359
idn;Indonesia;2017;5,098;50,98401546
idn;Indonesia;2018;5,34;53,40295792
idn;Indonesia;2019;5,347;53,46512794
irn;Iran;2005;5,308;53,08190346
irn;Iran;2007;5,336;53,36371422
irn;Iran;2008;5,129;51,28988266
irn;Iran;2011;4,768;47,67507076
irn;Iran;2012;4,609;46,08927727
irn;Iran;2013;5,14;51,39579296
irn;Iran;2014;4,682;46,82224274
irn;Iran;2015;4,75;47,49955654
irn;Iran;2016;4,653;46,52730942
irn;Iran;2017;4,717;47,16783047
irn;Iran;2018;4,278;42,78117657
irn;Iran;2019;5,006;50,06145954
irn;Iran;2020;4,865;48,64528179
irq;Iraq;2008;4,59;45,89844704
irq;Iraq;2009;4,775;47,75316715
irq;Iraq;2010;5,065;50,65462112
irq;Iraq;2011;4,725;47,25366116
irq;Iraq;2012;4,66;46,59508705
irq;Iraq;2013;4,725;47,25017071
irq;Iraq;2014;4,542;45,41502476
irq;Iraq;2015;4,493;44,93377209
irq;Iraq;2016;4,413;44,12537098
irq;Iraq;2017;4,462;44,62399006
irq;Iraq;2018;4,886;48,864007
irq;Iraq;2020;4,785;47,8516531
irl;Ireland;2006;7,144;71,44246578
irl;Ireland;2008;7,568;75,68029881
irl;Ireland;2009;7,046;70,45911312
irl;Ireland;2010;7,257;72,57389545
irl;Ireland;2011;7,007;70,06904125
irl;Ireland;2012;6,965;69,64645386
irl;Ireland;2013;6,76;67,60085106
irl;Ireland;2014;7,018;70,18379211
irl;Ireland;2015;6,83;68,30125332
irl;Ireland;2016;7,041;70,4073143
irl;Ireland;2017;7,06;70,60155392
irl;Ireland;2018;6,962;69,62335587
irl;Ireland;2019;7,255;72,54841328
irl;Ireland;2020;7,035;70,34930706
isr;Israel;2006;7,173;71,73417091
isr;Israel;2007;6,841;68,41114998
isr;Israel;2008;7,261;72,61261463
isr;Israel;2009;7,353;73,52979183
isr;Israel;2010;7,359;73,58916283
isr;Israel;2011;7,433;74,33147907
isr;Israel;2012;7,111;71,10854626
isr;Israel;2013;7,321;73,20563316
isr;Israel;2014;7,401;74,00570393
isr;Israel;2015;7,079;70,7941103
isr;Israel;2016;7,159;71,59010887
isr;Israel;2017;7,331;73,31036091
isr;Israel;2018;6,927;69,2717886
isr;Israel;2019;7,332;73,31779957
isr;Israel;2020;7,195;71,94928169
ita;Italy;2005;6,854;68,53783607
ita;Italy;2007;6,574;65,74412346
ita;Italy;2008;6,78;67,79774189
ita;Italy;2009;6,334;63,33800316
ita;Italy;2010;6,354;63,54238033
ita;Italy;2011;6,057;60,57086468
ita;Italy;2012;5,839;58,39313984
ita;Italy;2013;6,009;60,09373665
ita;Italy;2014;6,027;60,26585102
ita;Italy;2015;5,848;58,47683907
ita;Italy;2016;5,955;59,5452404
ita;Italy;2017;6,199;61,98870182
ita;Italy;2018;6,517;65,16526699
ita;Italy;2019;6,445;64,45416927
ita;Italy;2020;6,488;64,88356113
jam;Jamaica;2006;6,208;62,07881927
jam;Jamaica;2011;5,374;53,74446392
jam;Jamaica;2013;5,709;57,08886623
jam;Jamaica;2014;5,311;53,10538769
jam;Jamaica;2017;5,89;58,89759064
jam;Jamaica;2019;6,309;63,09238911
jpn;Japan;2005;6,516;65,15817165
jpn;Japan;2007;6,238;62,38197803
jpn;Japan;2008;5,911;59,1067934
jpn;Japan;2009;5,845;58,44999313
jpn;Japan;2010;6,057;60,56752682
jpn;Japan;2011;6,263;62,62793541
jpn;Japan;2012;5,968;59,68216419
jpn;Japan;2013;5,959;59,59361553
jpn;Japan;2014;5,923;59,22620773
jpn;Japan;2015;5,88;58,79684448
jpn;Japan;2016;5,955;59,54650879
jpn;Japan;2017;5,911;59,10676479
jpn;Japan;2018;5,794;57,93575287
jpn;Japan;2019;5,908;59,08039093
jpn;Japan;2020;6,118;61,17963314
jor;Jordan;2005;6,295;62,94660091
jor;Jordan;2007;5,598;55,9805727
jor;Jordan;2008;4,93;49,30058002
jor;Jordan;2009;6;59,99859333
jor;Jordan;2010;5,57;55,69942474
jor;Jordan;2011;5,539;55,39327621
jor;Jordan;2012;5,132;51,31996155
jor;Jordan;2013;5,172;51,71952724
jor;Jordan;2014;5,333;53,33021641
jor;Jordan;2015;5,405;54,04593468
jor;Jordan;2016;5,271;52,7128458
jor;Jordan;2017;4,808;48,08082581
jor;Jordan;2018;4,639;46,38933659
jor;Jordan;2019;4,453;44,52548027
jor;Jordan;2020;4,094;40,93991756
kaz;Kazakhstan;2006;5,476;54,75948334
kaz;Kazakhstan;2007;5,719;57,18553543
kaz;Kazakhstan;2008;5,886;58,86419773
kaz;Kazakhstan;2009;5,383;53,82563114
kaz;Kazakhstan;2010;5,514;55,14286518
kaz;Kazakhstan;2011;5,736;57,35662937
kaz;Kazakhstan;2012;5,759;57,59469509
kaz;Kazakhstan;2013;5,835;58,35483074
kaz;Kazakhstan;2014;5,97;59,70097542
kaz;Kazakhstan;2015;5,95;59,49995041
kaz;Kazakhstan;2016;5,534;55,33551693
kaz;Kazakhstan;2017;5,882;58,82351398
kaz;Kazakhstan;2018;6,008;60,0763607
kaz;Kazakhstan;2019;6,272;62,72268295
kaz;Kazakhstan;2020;6,168;61,68269157
ken;Kenya;2006;4,223;42,23234177
ken;Kenya;2007;4,576;45,75657845
ken;Kenya;2008;4,015;40,15274525
ken;Kenya;2009;4,27;42,70434856
ken;Kenya;2010;4,256;42,55859375
ken;Kenya;2011;4,405;44,05310154
ken;Kenya;2012;4,547;45,47335148
ken;Kenya;2013;3,795;37,95383215
ken;Kenya;2014;4,905;49,04579639
ken;Kenya;2015;4,358;43,57617855
ken;Kenya;2016;4,396;43,96127701
ken;Kenya;2017;4,476;44,75654125
ken;Kenya;2018;4,656;46,55702591
ken;Kenya;2019;4,619;46,18850231
ken;Kenya;2020;4,547;45,46584129
kwt;Kuwait;2006;6,076;60,75547218
kwt;Kuwait;2009;6,585;65,85246086
kwt;Kuwait;2010;6,798;67,98151016
kwt;Kuwait;2011;6,378;63,77699375
kwt;Kuwait;2012;6,221;62,21094608
kwt;Kuwait;2013;6,48;64,80031013
kwt;Kuwait;2014;6,18;61,80138588
kwt;Kuwait;2015;6,146;61,46031857
kwt;Kuwait;2016;5,947;59,47194576
kwt;Kuwait;2017;6,094;60,93905449
kwt;Kuwait;2019;6,106;61,06119633
kgz;Kyrgyz Republic;2006;4,641;46,41398907
kgz;Kyrgyz Republic;2007;4,698;46,97761536
kgz;Kyrgyz Republic;2008;4,737;47,36588001
kgz;Kyrgyz Republic;2009;5,069;50,6905365
kgz;Kyrgyz Republic;2010;4,996;49,96410847
kgz;Kyrgyz Republic;2011;4,921;49,21049118
kgz;Kyrgyz Republic;2012;5,208;52,07785606
kgz;Kyrgyz Republic;2013;5,402;54,0242672
kgz;Kyrgyz Republic;2014;5,252;52,52192974
kgz;Kyrgyz Republic;2015;4,905;49,05375957
kgz;Kyrgyz Republic;2016;4,857;48,56534004
kgz;Kyrgyz Republic;2017;5,63;56,29536629
kgz;Kyrgyz Republic;2018;5,297;52,97383308
kgz;Kyrgyz Republic;2019;5,685;56,85220718
kgz;Kyrgyz Republic;2020;6,25;62,49586105
lao;Lao;2006;5,076;50,76225758
lao;Lao;2007;5,364;53,63854885
lao;Lao;2008;5,044;50,44098854
lao;Lao;2011;4,704;47,03749657
lao;Lao;2012;4,876;48,76084805
lao;Lao;2017;4,623;46,23140812
lao;Lao;2018;4,859;48,5940218
lao;Lao;2019;5,197;51,96856022
lao;Lao;2020;5,284;52,84390926
lva;Latvia;2006;4,71;47,0950222
lva;Latvia;2007;4,667;46,66971684
lva;Latvia;2008;5,145;51,45375252
lva;Latvia;2009;4,669;46,68910503
lva;Latvia;2011;4,967;49,66811657
lva;Latvia;2012;5,125;51,25025272
lva;Latvia;2013;5,07;50,69770336
lva;Latvia;2014;5,729;57,29115486
lva;Latvia;2015;5,881;58,80597591
lva;Latvia;2016;5,94;59,40446377
lva;Latvia;2017;5,978;59,77817535
lva;Latvia;2018;5,901;59,01154041
lva;Latvia;2019;5,97;59,69753742
lva;Latvia;2020;6,229;62,29008675
lbn;Lebanon;2005;5,491;54,9124527
lbn;Lebanon;2006;4,653;46,53103828
lbn;Lebanon;2008;4,595;45,94851017
lbn;Lebanon;2009;5,206;52,05998898
lbn;Lebanon;2010;5,032;50,31899452
lbn;Lebanon;2011;5,188;51,87571526
lbn;Lebanon;2012;4,573;45,72566986
lbn;Lebanon;2013;4,983;49,83288765
lbn;Lebanon;2014;5,233;52,33025551
lbn;Lebanon;2015;5,172;51,71971321
lbn;Lebanon;2016;5,271;52,7072382
lbn;Lebanon;2017;5,154;51,53989792
lbn;Lebanon;2018;5,167;51,67186737
lbn;Lebanon;2019;4,024;40,24219513
lso;Lesotho;2011;4,898;48,9751482
lso;Lesotho;2016;3,808;38,08204889
lso;Lesotho;2017;3,795;37,95300722
lso;Lesotho;2019;3,512;35,117805
lbr;Liberia;2007;3,701;37,01401234
lbr;Liberia;2008;4,221;42,21354008
lbr;Liberia;2010;4,196;41,96063042
lbr;Liberia;2014;4,571;45,71419239
lbr;Liberia;2015;2,702;27,01591253
lbr;Liberia;2016;3,355;33,54676008
lbr;Liberia;2017;4,424;44,24490929
lbr;Liberia;2018;4,135;41,34852886
lbr;Liberia;2019;5,121;51,21460915
lby;Libya;2012;5,754;57,54394054
lby;Libya;2015;5,615;56,15404606
lby;Libya;2016;5,434;54,3358326
lby;Libya;2017;5,647;56,46852493
lby;Libya;2018;5,494;54,93977547
lby;Libya;2019;5,33;53,3022213
ltu;Lithuania;2006;5,954;59,54442978
ltu;Lithuania;2007;5,808;58,0828476
ltu;Lithuania;2008;5,554;55,53925991
ltu;Lithuania;2009;5,467;54,66920853
ltu;Lithuania;2010;5,066;50,65824986
ltu;Lithuania;2011;5,432;54,3243742
ltu;Lithuania;2012;5,771;57,71037102
ltu;Lithuania;2013;5,596;55,95689297
ltu;Lithuania;2014;6,126;61,25723839
ltu;Lithuania;2015;5,711;57,11378098
ltu;Lithuania;2016;5,866;58,65552425
ltu;Lithuania;2017;6,273;62,72940636
ltu;Lithuania;2018;6,309;63,08878899
ltu;Lithuania;2019;6,064;60,64097881
ltu;Lithuania;2020;6,391;63,9137888
lux;Luxembourg;2009;6,958;69,57920074
lux;Luxembourg;2010;7,097;70,97251892
lux;Luxembourg;2011;7,101;71,01400375
lux;Luxembourg;2012;6,964;69,64097023
lux;Luxembourg;2013;7,131;71,30809307
lux;Luxembourg;2014;6,891;68,9112711
lux;Luxembourg;2015;6,702;67,01571465
lux;Luxembourg;2016;6,967;69,67340946
lux;Luxembourg;2017;7,061;70,61380863
lux;Luxembourg;2018;7,243;72,42630959
lux;Luxembourg;2019;7,404;74,04015541
mkd;Macedonia, FYR;2007;4,494;44,93598461
mkd;Macedonia, FYR;2009;4,428;44,28021908
mkd;Macedonia, FYR;2010;4,18;41,80202007
mkd;Macedonia, FYR;2011;4,898;48,98180008
mkd;Macedonia, FYR;2012;4,64;46,39647484
mkd;Macedonia, FYR;2013;5,186;51,86190605
mkd;Macedonia, FYR;2014;5,204;52,03825951
mkd;Macedonia, FYR;2015;4,976;49,75589752
mkd;Macedonia, FYR;2016;5,346;53,4574604
mkd;Macedonia, FYR;2017;5,234;52,33866692
mkd;Macedonia, FYR;2018;5,24;52,39834785
mkd;Macedonia, FYR;2019;5,015;50,15485287
mkd;Macedonia, FYR;2020;5,054;50,53664207
mdg;Madagascar;2006;3,98;39,79751348
mdg;Madagascar;2008;4,64;46,40079021
mdg;Madagascar;2011;4,381;43,81415367
mdg;Madagascar;2012;3,551;35,50609589
mdg;Madagascar;2013;3,816;38,15607071
mdg;Madagascar;2014;3,676;36,75626993
mdg;Madagascar;2015;3,593;35,92514038
mdg;Madagascar;2016;3,663;36,63085938
mdg;Madagascar;2017;4,079;40,78620434
mdg;Madagascar;2018;4,071;40,70586681
mdg;Madagascar;2019;4,339;43,39087486
mwi;Malawi;2006;3,83;38,29868078
mwi;Malawi;2007;4,891;48,9103651
mwi;Malawi;2009;5,148;51,48239613
mwi;Malawi;2011;3,946;39,46062565
mwi;Malawi;2012;4,279;42,79269695
mwi;Malawi;2013;4,035;40,35084248
mwi;Malawi;2014;4,563;45,63080311
mwi;Malawi;2015;3,868;38,6763835
mwi;Malawi;2016;3,476;34,76492643
mwi;Malawi;2017;3,417;34,16862965
mwi;Malawi;2018;3,335;33,34633589
mwi;Malawi;2019;3,869;38,69123697
mys;Malaysia;2006;6,012;60,11716843
mys;Malaysia;2007;6,239;62,38904476
mys;Malaysia;2008;5,807;58,06781769
mys;Malaysia;2009;5,385;53,84701729
mys;Malaysia;2010;5,58;55,80281734
mys;Malaysia;2011;5,786;57,86367416
mys;Malaysia;2012;5,914;59,14283752
mys;Malaysia;2013;5,77;57,70199776
mys;Malaysia;2014;5,963;59,62921619
mys;Malaysia;2015;6,322;63,22121143
mys;Malaysia;2018;5,339;53,38817596
mys;Malaysia;2019;5,428;54,27954197
mdv;Maldives;2018;5,198;51,97574615
mli;Mali;2006;4,014;40,14075756
mli;Mali;2008;4,115;41,14664078
mli;Mali;2009;3,977;39,76598501
mli;Mali;2010;3,762;37,62305021
mli;Mali;2011;4,667;46,66832924
mli;Mali;2012;4,313;43,13016891
mli;Mali;2013;3,676;36,76277161
mli;Mali;2014;3,975;39,74714279
mli;Mali;2015;4,582;45,82098484
mli;Mali;2016;4,016;40,16027927
mli;Mali;2017;4,742;47,41850376
mli;Mali;2018;4,416;44,15729523
mli;Mali;2019;4,988;49,8799181
mlt;Malta;2009;6,328;63,2763958
mlt;Malta;2010;5,774;57,7387476
mlt;Malta;2011;6,155;61,54718399
mlt;Malta;2012;5,963;59,62872028
mlt;Malta;2013;6,38;63,79924774
mlt;Malta;2014;6,452;64,5211792
mlt;Malta;2015;6,613;66,1339426
mlt;Malta;2016;6,591;65,90842247
mlt;Malta;2017;6,676;66,75665855
mlt;Malta;2018;6,91;69,09710884
mlt;Malta;2019;6,733;67,3297739
mlt;Malta;2020;6,157;61,56822681
mrt;Mauritania;2007;4,149;41,49043083
mrt;Mauritania;2008;4,248;42,48075008
mrt;Mauritania;2009;4,5;45,00431538
mrt;Mauritania;2010;4,772;47,72306919
mrt;Mauritania;2011;4,785;47,84804344
mrt;Mauritania;2012;4,673;46,73203945
mrt;Mauritania;2013;4,199;41,99015141
mrt;Mauritania;2014;4,483;44,82805252
mrt;Mauritania;2015;3,923;39,22664165
mrt;Mauritania;2016;4,472;44,72149372
mrt;Mauritania;2017;4,678;46,78159714
mrt;Mauritania;2018;4,314;43,13615322
mrt;Mauritania;2019;4,153;41,52619362
mus;Mauritius;2011;5,477;54,77073193
mus;Mauritius;2014;5,648;56,47779942
mus;Mauritius;2016;5,61;56,10003471
mus;Mauritius;2017;6,174;61,74117565
mus;Mauritius;2018;5,882;58,8174057
mus;Mauritius;2019;6,241;62,41165161
mus;Mauritius;2020;6,015;60,15300274
mex;Mexico;2005;6,581;65,80657959
mex;Mexico;2007;6,525;65,25378227
mex;Mexico;2008;6,829;68,29036236
mex;Mexico;2009;6,963;69,62819099
mex;Mexico;2010;6,802;68,02388668
mex;Mexico;2011;6,91;69,09515381
mex;Mexico;2012;7,32;73,20185184
mex;Mexico;2013;7,443;74,42546368
mex;Mexico;2014;6,68;66,79831028
mex;Mexico;2015;6,236;62,36287117
mex;Mexico;2016;6,824;68,24172974
mex;Mexico;2017;6,41;64,10299301
mex;Mexico;2018;6,55;65,49578667
mex;Mexico;2019;6,432;64,31945324
mex;Mexico;2020;5,964;59,64221001
mda;Moldova;2006;5,102;51,02071285
mda;Moldova;2007;4,775;47,74918079
mda;Moldova;2008;5,503;55,02756119
mda;Moldova;2009;5,554;55,54374218
mda;Moldova;2010;5,59;55,89736462
mda;Moldova;2011;5,792;57,92262554
mda;Moldova;2012;5,996;59,95712757
mda;Moldova;2013;5,756;57,5605917
mda;Moldova;2014;5,917;59,17058468
mda;Moldova;2015;6,017;60,17472267
mda;Moldova;2016;5,578;55,77784061
mda;Moldova;2017;5,326;53,25530529
mda;Moldova;2018;5,682;56,82277203
mda;Moldova;2019;5,803;58,03450584
mda;Moldova;2020;5,812;58,11628819
mng;Mongolia;2007;4,609;46,09059334
mng;Mongolia;2008;4,493;44,93010044
mng;Mongolia;2010;4,586;45,85523605
mng;Mongolia;2011;5,031;50,31173706
mng;Mongolia;2012;4,885;48,85150433
mng;Mongolia;2013;4,913;49,12928104
mng;Mongolia;2014;4,825;48,24834824
mng;Mongolia;2015;4,983;49,82719898
mng;Mongolia;2016;5,057;50,56999683
mng;Mongolia;2017;5,334;53,33850384
mng;Mongolia;2018;5,465;54,64622974
mng;Mongolia;2019;5,563;55,62905312
mng;Mongolia;2020;6,011;60,11364937
mne;Montenegro;2007;5,196;51,96315289
mne;Montenegro;2009;4,801;48,010602
mne;Montenegro;2010;5,455;54,55030441
mne;Montenegro;2011;5,223;52,23116875
mne;Montenegro;2012;5,219;52,18724251
mne;Montenegro;2013;5,074;50,74341774
mne;Montenegro;2014;5,283;52,82720566
mne;Montenegro;2015;5,125;51,24921322
mne;Montenegro;2016;5,304;53,04066181
mne;Montenegro;2017;5,615;56,14798546
mne;Montenegro;2018;5,65;56,50189877
mne;Montenegro;2019;5,386;53,86024952
mne;Montenegro;2020;5,722;57,22162724
mar;Morocco;2010;4,383;43,83247375
mar;Morocco;2011;5,085;50,84972858
mar;Morocco;2012;4,97;49,69656467
mar;Morocco;2013;5,142;51,42160416
mar;Morocco;2015;5,163;51,63156986
mar;Morocco;2016;5,386;53,8630724
mar;Morocco;2017;5,312;53,12482834
mar;Morocco;2018;4,897;48,96791935
mar;Morocco;2019;5,057;50,56751728
mar;Morocco;2020;4,803;48,0261755
moz;Mozambique;2006;4,595;45,94879627
moz;Mozambique;2007;4,833;48,32634926
moz;Mozambique;2008;4,654;46,5358305
moz;Mozambique;2011;4,971;49,71111774
moz;Mozambique;2015;4,55;45,49767494
moz;Mozambique;2017;4,28;42,79863358
moz;Mozambique;2018;4,654;46,53713703
moz;Mozambique;2019;4,932;49,32132721
mmr;Myanmar;2012;4,439;44,38939571
mmr;Myanmar;2013;4,176;41,75670624
mmr;Myanmar;2014;4,786;47,86247253
mmr;Myanmar;2015;4,224;42,23846436
mmr;Myanmar;2016;4,623;46,23119831
mmr;Myanmar;2017;4,154;41,54341698
mmr;Myanmar;2018;4,411;44,10633087
mmr;Myanmar;2019;4,434;44,3423748
mmr;Myanmar;2020;4,431;44,31364059
nam;Namibia;2007;4,886;48,85587215
nam;Namibia;2014;4,574;45,73991299
nam;Namibia;2017;4,441;44,41306114
nam;Namibia;2018;4,834;48,34087849
nam;Namibia;2019;4,436;44,35811043
nam;Namibia;2020;4,451;44,51010227
npl;Nepal;2006;4,567;45,66594601
npl;Nepal;2007;4,748;47,4828434
npl;Nepal;2008;4,441;44,40526485
npl;Nepal;2009;4,917;49,1686821
npl;Nepal;2010;4,35;43,49675179
npl;Nepal;2011;3,809;38,09444666
npl;Nepal;2012;4,233;42,33244896
npl;Nepal;2013;4,605;46,04576588
npl;Nepal;2014;4,975;49,75014687
npl;Nepal;2015;4,812;48,12436581
npl;Nepal;2016;5,1;50,99539757
npl;Nepal;2017;4,737;47,36692429
npl;Nepal;2018;4,91;49,10086632
npl;Nepal;2019;5,449;54,48724747
nld;Netherlands;2005;7,464;74,63979244
nld;Netherlands;2007;7,452;74,51879501
nld;Netherlands;2008;7,631;76,31011963
nld;Netherlands;2010;7,502;75,01875877
nld;Netherlands;2011;7,564;75,63797951
nld;Netherlands;2012;7,471;74,70715523
nld;Netherlands;2013;7,407;74,06550407
nld;Netherlands;2014;7,321;73,2118845
nld;Netherlands;2015;7,324;73,24437141
nld;Netherlands;2016;7,541;75,40877342
nld;Netherlands;2017;7,459;74,58965302
nld;Netherlands;2018;7,463;74,63097095
nld;Netherlands;2019;7,425;74,2526865
nld;Netherlands;2020;7,504;75,04447937
nzl;New Zealand;2006;7,305;73,05014133
nzl;New Zealand;2007;7,604;76,04173183
nzl;New Zealand;2008;7,381;73,8117075
nzl;New Zealand;2010;7,224;72,23756313
nzl;New Zealand;2011;7,191;71,90638065
nzl;New Zealand;2012;7,25;72,49629974
nzl;New Zealand;2013;7,28;72,80151844
nzl;New Zealand;2014;7,306;73,05892467
nzl;New Zealand;2015;7,418;74,18120861
nzl;New Zealand;2016;7,226;72,25687981
nzl;New Zealand;2017;7,327;73,2718277
nzl;New Zealand;2018;7,37;73,70285988
nzl;New Zealand;2019;7,205;72,05174446
nzl;New Zealand;2020;7,257;72,57381916
nic;Nicaragua;2006;4,46;44,60158348
nic;Nicaragua;2007;4,944;49,44090843
nic;Nicaragua;2008;5,104;51,03827477
nic;Nicaragua;2009;5,353;53,52804661
nic;Nicaragua;2010;5,687;56,8669939
nic;Nicaragua;2011;5,386;53,85705471
nic;Nicaragua;2012;5,448;54,48006153
nic;Nicaragua;2013;5,772;57,72274971
nic;Nicaragua;2014;6,275;62,75266647
nic;Nicaragua;2015;5,924;59,24112797
nic;Nicaragua;2016;6,013;60,12739658
nic;Nicaragua;2017;6,476;64,76356506
nic;Nicaragua;2018;5,819;58,1895256
nic;Nicaragua;2019;6,113;61,12545013
ner;Niger;2006;3,737;37,36951828
ner;Niger;2007;4,277;42,77402401
ner;Niger;2008;4,236;42,35657215
ner;Niger;2009;4,267;42,67169952
ner;Niger;2010;4,101;41,01016045
ner;Niger;2011;4,556;45,55829525
ner;Niger;2012;3,798;37,98088312
ner;Niger;2013;3,716;37,16329813
ner;Niger;2014;4,181;41,80943489
ner;Niger;2015;3,671;36,71453714
ner;Niger;2016;4,235;42,34645844
ner;Niger;2017;4,616;46,15673542
ner;Niger;2018;5,164;51,64007187
ner;Niger;2019;5,004;50,03544331
nga;Nigeria;2006;4,71;47,09745884
nga;Nigeria;2007;4,89;48,90419483
nga;Nigeria;2008;4,939;49,38560486
nga;Nigeria;2009;4,98;49,80220318
nga;Nigeria;2010;4,76;47,60275841
nga;Nigeria;2012;5,493;54,92954254
nga;Nigeria;2013;4,818;48,1786871
nga;Nigeria;2015;4,933;49,32914734
nga;Nigeria;2016;5,22;52,19567776
nga;Nigeria;2017;5,322;53,21928024
nga;Nigeria;2018;5,252;52,52288342
nga;Nigeria;2019;4,356;43,56419086
nga;Nigeria;2020;5,503;55,02948284
nor;Norway;2006;7,416;74,15682316
nor;Norway;2008;7,632;76,32287502
nor;Norway;2012;7,678;76,78277016
nor;Norway;2014;7,444;74,44470882
nor;Norway;2015;7,603;76,03433609
nor;Norway;2016;7,596;75,96331596
nor;Norway;2017;7,579;75,78744888
nor;Norway;2018;7,444;74,44262028
nor;Norway;2019;7,442;74,42139626
nor;Norway;2020;7,29;72,90032387
omn;Oman;2011;6,853;68,52982044
pak;Pakistan;2005;5,225;52,24657536
pak;Pakistan;2007;5,671;56,71460629
pak;Pakistan;2008;4,414;44,13918972
pak;Pakistan;2009;5,208;52,08146572
pak;Pakistan;2010;5,786;57,86132813
pak;Pakistan;2011;5,267;52,67186165
pak;Pakistan;2012;5,132;51,31565094
pak;Pakistan;2013;5,138;51,38082504
pak;Pakistan;2014;5,436;54,35657978
pak;Pakistan;2015;4,823;48,23194981
pak;Pakistan;2016;5,549;55,48508167
pak;Pakistan;2017;5,831;58,30870628
pak;Pakistan;2018;5,472;54,71553802
pak;Pakistan;2019;4,443;44,42717552
pse;Palestine;2006;4,716;47,16387749
pse;Palestine;2007;4,151;41,51053905
pse;Palestine;2008;4,386;43,85603428
pse;Palestine;2009;4,47;44,70191479
pse;Palestine;2010;4,703;47,02603817
pse;Palestine;2011;4,751;47,51219749
pse;Palestine;2012;4,647;46,46608353
pse;Palestine;2013;4,844;48,44027996
pse;Palestine;2014;4,722;47,21938133
pse;Palestine;2015;4,695;46,95239067
pse;Palestine;2016;4,907;49,06618118
pse;Palestine;2017;4,628;46,2813282
pse;Palestine;2018;4,554;45,539217
pse;Palestine;2019;4,483;44,8253727
pan;Panama;2006;6,128;61,27988338
pan;Panama;2007;6,894;68,94139767
pan;Panama;2008;6,931;69,30903435
pan;Panama;2009;7,034;70,33740044
pan;Panama;2010;7,321;73,214674
pan;Panama;2011;7,248;72,4808073
pan;Panama;2012;6,86;68,59835625
pan;Panama;2013;6,866;68,6648035
pan;Panama;2014;6,631;66,31171227
pan;Panama;2015;6,606;66,05550289
pan;Panama;2016;6,118;61,17638111
pan;Panama;2017;6,568;65,67658901
pan;Panama;2018;6,281;62,81434059
pan;Panama;2019;6,086;60,85955143
pry;Paraguay;2006;4,73;47,30082035
pry;Paraguay;2007;5,272;52,72461414
pry;Paraguay;2008;5,57;55,70061684
pry;Paraguay;2009;5,576;55,76147079
pry;Paraguay;2010;5,841;58,41174126
pry;Paraguay;2011;5,677;56,77080631
pry;Paraguay;2012;5,82;58,20058346
pry;Paraguay;2013;5,936;59,36240673
pry;Paraguay;2014;5,119;51,18641853
pry;Paraguay;2015;5,56;55,59724331
pry;Paraguay;2016;5,801;58,01380157
pry;Paraguay;2017;5,713;57,1329546
pry;Paraguay;2019;5,653;56,52625561
per;Peru;2006;4,811;48,10845375
per;Peru;2007;5,214;52,13962078
per;Peru;2008;5,129;51,29230976
per;Peru;2009;5,519;55,18846989
per;Peru;2010;5,613;56,12785339
per;Peru;2011;5,892;58,92457485
per;Peru;2012;5,825;58,24557304
per;Peru;2013;5,783;57,82557487
per;Peru;2014;5,866;58,65815639
per;Peru;2015;5,577;55,77263355
per;Peru;2016;5,701;57,00628757
per;Peru;2017;5,711;57,10936546
per;Peru;2018;5,68;56,79661274
per;Peru;2019;5,999;59,99381542
phl;Philippines;2006;4,67;46,69945717
phl;Philippines;2007;5,074;50,73562145
phl;Philippines;2008;4,589;45,89065075
phl;Philippines;2009;4,88;48,79910946
phl;Philippines;2010;4,942;49,41514015
phl;Philippines;2011;4,994;49,93956566
phl;Philippines;2012;5,002;50,01965046
phl;Philippines;2013;4,977;49,76925373
phl;Philippines;2014;5,313;53,12550068
phl;Philippines;2015;5,547;55,47489166
phl;Philippines;2016;5,431;54,30832863
phl;Philippines;2017;5,594;55,94270229
phl;Philippines;2018;5,869;58,69172573
phl;Philippines;2019;6,268;62,67745018
phl;Philippines;2020;5,08;50,79585075
pol;Poland;2005;5,587;55,87209225
pol;Poland;2007;5,886;58,86137486
pol;Poland;2009;5,772;57,72027493
pol;Poland;2010;5,887;58,87029648
pol;Poland;2011;5,646;56,46204948
pol;Poland;2012;5,876;58,7593174
pol;Poland;2013;5,746;57,46131897
pol;Poland;2014;5,75;57,50282288
pol;Poland;2015;6,007;60,07021904
pol;Poland;2016;6,162;61,62076473
pol;Poland;2017;6,201;62,01268196
pol;Poland;2018;6,111;61,11485004
pol;Poland;2019;6,242;62,4209404
pol;Poland;2020;6,139;61,39455318
prt;Portugal;2006;5,405;54,05246258
prt;Portugal;2008;5,717;57,16966629
prt;Portugal;2010;5,095;50,94525814
prt;Portugal;2011;5,22;52,19997883
prt;Portugal;2012;4,994;49,93962288
prt;Portugal;2013;5,158;51,57688141
prt;Portugal;2014;5,127;51,2691164
prt;Portugal;2015;5,081;50,80866337
prt;Portugal;2016;5,447;54,46637154
prt;Portugal;2017;5,711;57,11499214
prt;Portugal;2018;5,92;59,19822693
prt;Portugal;2019;6,095;60,95473289
prt;Portugal;2020;5,768;57,67792225
qat;Qatar;2009;6,418;64,17824268
qat;Qatar;2010;6,85;68,49652767
qat;Qatar;2011;6,592;65,91604233
qat;Qatar;2012;6,611;66,11298561
qat;Qatar;2015;6,375;63,74529362
rou;Romania;2005;5,049;50,48648357
rou;Romania;2007;5,394;53,93723965
rou;Romania;2009;5,368;53,67565155
rou;Romania;2010;4,909;49,09165859
rou;Romania;2011;5,023;50,2275753
rou;Romania;2012;5,167;51,66874886
rou;Romania;2013;5,082;50,81584454
rou;Romania;2014;5,727;57,26893425
rou;Romania;2015;5,777;57,77491093
rou;Romania;2016;5,969;59,6887064
rou;Romania;2017;6,09;60,89904785
rou;Romania;2018;6,151;61,50878906
rou;Romania;2019;6,13;61,29942417
rus;Russia;2006;4,964;49,63742733
rus;Russia;2007;5,223;52,22867489
rus;Russia;2008;5,619;56,1875391
rus;Russia;2009;5,158;51,58227921
rus;Russia;2010;5,385;53,84773254
rus;Russia;2011;5,389;53,88766289
rus;Russia;2012;5,621;56,20735645
rus;Russia;2013;5,537;55,37177563
rus;Russia;2014;6,037;60,36976814
rus;Russia;2015;5,996;59,95538712
rus;Russia;2016;5,855;58,5494566
rus;Russia;2017;5,579;55,78742981
rus;Russia;2018;5,514;55,13500214
rus;Russia;2019;5,441;54,40523624
rus;Russia;2020;5,495;54,95288849
rwa;Rwanda;2006;4,215;42,1470356
rwa;Rwanda;2008;4,363;43,62988949
rwa;Rwanda;2009;4,03;40,29761791
rwa;Rwanda;2011;4,097;40,97435951
rwa;Rwanda;2012;3,333;33,33047867
rwa;Rwanda;2013;3,466;34,66387749
rwa;Rwanda;2014;3,596;35,95678329
rwa;Rwanda;2015;3,483;34,83108997
rwa;Rwanda;2016;3,333;33,32989931
rwa;Rwanda;2017;3,108;31,0837388
rwa;Rwanda;2018;3,561;35,610466
rwa;Rwanda;2019;3,268;32,68152237
sau;Saudi Arabia;2005;7,08;70,79644203
sau;Saudi Arabia;2007;7,267;72,66694069
sau;Saudi Arabia;2008;6,811;68,11370373
sau;Saudi Arabia;2009;6,148;61,4759016
sau;Saudi Arabia;2010;6,307;63,07098389
sau;Saudi Arabia;2011;6,7;66,99789524
sau;Saudi Arabia;2012;6,396;63,96359444
sau;Saudi Arabia;2013;6,495;64,95132923
sau;Saudi Arabia;2014;6,278;62,7837801
sau;Saudi Arabia;2015;6,345;63,45491886
sau;Saudi Arabia;2016;6,474;64,73921299
sau;Saudi Arabia;2017;6,294;62,94282436
sau;Saudi Arabia;2018;6,356;63,56393337
sau;Saudi Arabia;2019;6,561;65,61247349
sau;Saudi Arabia;2020;6,56;65,59588432
sen;Senegal;2006;4,417;44,17352676
sen;Senegal;2007;4,68;46,79986954
sen;Senegal;2008;4,683;46,83499813
sen;Senegal;2009;4,335;43,35114002
sen;Senegal;2010;4,372;43,72156143
sen;Senegal;2011;3,834;38,34201574
sen;Senegal;2012;3,669;36,68736935
sen;Senegal;2013;3,647;36,47367001
sen;Senegal;2014;4,395;43,94777298
sen;Senegal;2015;4,617;46,1700058
sen;Senegal;2016;4,595;45,9453392
sen;Senegal;2017;4,683;46,83024883
sen;Senegal;2018;4,769;47,69377232
sen;Senegal;2019;5,489;54,88736629
srb;Serbia;2007;4,75;47,50383854
srb;Serbia;2009;4,38;43,80311966
srb;Serbia;2010;4,461;44,61304188
srb;Serbia;2011;4,815;48,15186501
srb;Serbia;2012;5,155;51,54521942
srb;Serbia;2013;5,102;51,01840496
srb;Serbia;2014;5,113;51,12728596
srb;Serbia;2015;5,318;53,17685127
srb;Serbia;2016;5,753;57,52754688
srb;Serbia;2017;5,122;51,22031212
srb;Serbia;2018;5,936;59,36493397
srb;Serbia;2019;6,241;62,41407394
srb;Serbia;2020;6,042;60,41546345
sle;Sierra Leone;2006;3,628;36,28185034
sle;Sierra Leone;2007;3,585;35,85127354
sle;Sierra Leone;2008;2,997;29,97251034
sle;Sierra Leone;2010;4,134;41,33955956
sle;Sierra Leone;2011;4,502;45,01643658
sle;Sierra Leone;2013;4,514;45,14291286
sle;Sierra Leone;2014;4,5;44,99970436
sle;Sierra Leone;2015;4,909;49,08617973
sle;Sierra Leone;2016;4,733;47,32953072
sle;Sierra Leone;2017;4,09;40,89562416
sle;Sierra Leone;2018;4,306;43,05683136
sle;Sierra Leone;2019;3,447;34,47381496
sgp;Singapore;2006;6,463;64,62702751
sgp;Singapore;2007;6,834;68,33754539
sgp;Singapore;2008;6,642;66,41956806
sgp;Singapore;2009;6,145;61,44676685
sgp;Singapore;2010;6,531;65,31401634
sgp;Singapore;2011;6,561;65,61041832
sgp;Singapore;2013;6,533;65,3320694
sgp;Singapore;2014;7,062;70,62364578
sgp;Singapore;2015;6,62;66,19524956
sgp;Singapore;2016;6,033;60,33480644
sgp;Singapore;2017;6,378;63,78437996
sgp;Singapore;2018;6,375;63,74564171
sgp;Singapore;2019;6,378;63,78359795
svk;Slovak Republic;2006;5,265;52,64676571
svk;Slovak Republic;2010;6,052;60,52223206
svk;Slovak Republic;2011;5,945;59,45048332
svk;Slovak Republic;2012;5,911;59,1105938
svk;Slovak Republic;2013;5,937;59,36527252
svk;Slovak Republic;2014;6,139;61,388731
svk;Slovak Republic;2015;6,162;61,62004471
svk;Slovak Republic;2016;5,993;59,93163109
svk;Slovak Republic;2017;6,366;63,65509033
svk;Slovak Republic;2018;6,235;62,3511076
svk;Slovak Republic;2019;6,243;62,43428707
svk;Slovak Republic;2020;6,519;65,19098282
svn;Slovenia;2006;5,811;58,11264515
svn;Slovenia;2009;5,83;58,30160618
svn;Slovenia;2010;6,083;60,82555294
svn;Slovenia;2011;6,036;60,35964012
svn;Slovenia;2012;6,063;60,62891006
svn;Slovenia;2013;5,975;59,74888802
svn;Slovenia;2014;5,678;56,78395271
svn;Slovenia;2015;5,741;57,40642071
svn;Slovenia;2016;5,937;59,36821461
svn;Slovenia;2017;6,167;61,66837692
svn;Slovenia;2018;6,249;62,49419212
svn;Slovenia;2019;6,665;66,65273666
svn;Slovenia;2020;6,462;64,62076187
som;Somalia;2014;5,528;55,28272629
som;Somalia;2015;5,354;53,53644848
som;Somalia;2016;4,668;46,67941093
zaf;South Africa;2006;5,084;50,83986759
zaf;South Africa;2007;5,204;52,04454422
zaf;South Africa;2008;5,346;53,46306801
zaf;South Africa;2009;5,218;52,18430996
zaf;South Africa;2010;4,652;46,52428627
zaf;South Africa;2011;4,931;49,30511475
zaf;South Africa;2012;5,134;51,33887768
zaf;South Africa;2013;3,661;36,60727262
zaf;South Africa;2014;4,828;48,28456402
zaf;South Africa;2015;4,887;48,87325764
zaf;South Africa;2016;4,77;47,69739628
zaf;South Africa;2017;4,514;45,13655186
zaf;South Africa;2018;4,884;48,839221
zaf;South Africa;2019;5,035;50,34863472
zaf;South Africa;2020;4,947;49,46800709
kor;South Korea;2006;5,332;53,32177639
kor;South Korea;2007;5,767;57,6727581
kor;South Korea;2008;5,39;53,89624596
kor;South Korea;2009;5,648;56,47689819
kor;South Korea;2010;6,116;61,16024494
kor;South Korea;2011;6,947;69,46599007
kor;South Korea;2012;6,003;60,03286839
kor;South Korea;2013;5,959;59,58809853
kor;South Korea;2014;5,801;58,01325321
kor;South Korea;2015;5,78;57,80211449
kor;South Korea;2016;5,971;59,70564365
kor;South Korea;2017;5,874;58,73887062
kor;South Korea;2018;5,84;58,40231419
kor;South Korea;2019;5,903;59,02816772
kor;South Korea;2020;5,793;57,92695522
ssd;South Sudan;2014;3,832;38,31992388
ssd;South Sudan;2015;4,071;40,70771217
ssd;South Sudan;2016;2,888;28,88112307
ssd;South Sudan;2017;2,817;28,16622496
esp;Spain;2005;7,153;71,52785778
esp;Spain;2007;6,995;69,94614601
esp;Spain;2008;7,294;72,94472694
esp;Spain;2009;6,199;61,98601246
esp;Spain;2010;6,188;61,88262463
esp;Spain;2011;6,518;65,18249035
esp;Spain;2012;6,291;62,90690422
esp;Spain;2013;6,15;61,50027275
esp;Spain;2014;6,456;64,56477642
esp;Spain;2015;6,381;63,80663395
esp;Spain;2016;6,319;63,18612099
esp;Spain;2017;6,23;62,30173111
esp;Spain;2018;6,513;65,13370991
esp;Spain;2019;6,457;64,57449436
esp;Spain;2020;6,502;65,02175331
lka;Sri Lanka;2006;4,345;43,44610691
lka;Sri Lanka;2007;4,415;44,14805412
lka;Sri Lanka;2008;4,431;44,30846214
lka;Sri Lanka;2009;4,212;42,12026596
lka;Sri Lanka;2010;3,977;39,76905107
lka;Sri Lanka;2011;4,181;41,80569172
lka;Sri Lanka;2012;4,225;42,24593163
lka;Sri Lanka;2013;4,365;43,64694118
lka;Sri Lanka;2014;4,268;42,67932892
lka;Sri Lanka;2015;4,612;46,11606598
lka;Sri Lanka;2017;4,331;43,30945492
lka;Sri Lanka;2018;4,435;44,35023785
lka;Sri Lanka;2019;4,213;42,13299274
sdn;Sudan;2009;4,455;44,54917431
sdn;Sudan;2010;4,435;44,35159683
sdn;Sudan;2011;4,314;43,14456463
sdn;Sudan;2012;4,55;45,50499439
sdn;Sudan;2014;4,139;41,38672829
sur;Suriname;2012;6,269;62,69286633
swz;Swaziland;2011;4,867;48,67091179
swz;Swaziland;2018;4,212;42,11565018
swz;Swaziland;2019;4,396;43,96114826
swe;Sweden;2005;7,376;73,76315594
swe;Sweden;2007;7,241;72,41362572
swe;Sweden;2008;7,516;75,1599741
swe;Sweden;2009;7,266;72,65977383
swe;Sweden;2010;7,496;74,96018887
swe;Sweden;2011;7,382;73,82232189
swe;Sweden;2012;7,56;75,60147762
swe;Sweden;2013;7,434;74,34010506
swe;Sweden;2014;7,239;72,39147663
swe;Sweden;2015;7,289;72,8892231
swe;Sweden;2016;7,369;73,68744373
swe;Sweden;2017;7,287;72,86804676
swe;Sweden;2018;7,375;73,74792099
swe;Sweden;2019;7,398;73,98092747
swe;Sweden;2020;7,314;73,14341068
che;Switzerland;2006;7,473;74,73252773
che;Switzerland;2009;7,525;75,24520874
che;Switzerland;2012;7,776;77,76208878
che;Switzerland;2014;7,493;74,92803574
che;Switzerland;2015;7,572;75,72136879
che;Switzerland;2016;7,459;74,58519936
che;Switzerland;2017;7,474;74,73593235
che;Switzerland;2018;7,509;75,08586884
che;Switzerland;2019;7,694;76,9422102
che;Switzerland;2020;7,508;75,08435249
syr;Syria;2008;5,323;53,2333231
syr;Syria;2009;4,979;49,78970528
syr;Syria;2010;4,465;44,64707851
syr;Syria;2011;4,038;40,37889481
syr;Syria;2012;3,164;31,64491177
syr;Syria;2013;2,688;26,87552929
syr;Syria;2015;3,462;34,6191287
twn;Taiwan;2006;6,189;61,89050198
twn;Taiwan;2008;5,548;55,47682285
twn;Taiwan;2010;6,229;62,28530884
twn;Taiwan;2011;6,309;63,08915138
twn;Taiwan;2012;6,126;61,25916958
twn;Taiwan;2013;6,34;63,40344429
twn;Taiwan;2014;6,363;63,6349678
twn;Taiwan;2015;6,45;64,50088024
twn;Taiwan;2016;6,513;65,12850761
twn;Taiwan;2017;6,359;63,59450817
twn;Taiwan;2018;6,467;64,67004776
twn;Taiwan;2019;6,537;65,37089825
twn;Taiwan;2020;6,751;67,51067638
tjk;Tajikistan;2006;4,613;46,13099098
tjk;Tajikistan;2007;4,432;44,31608677
tjk;Tajikistan;2008;5,064;50,63986778
tjk;Tajikistan;2009;4,575;45,75174809
tjk;Tajikistan;2010;4,381;43,80636215
tjk;Tajikistan;2011;4,263;42,62671471
tjk;Tajikistan;2012;4,497;44,96571541
tjk;Tajikistan;2013;4,967;49,66521263
tjk;Tajikistan;2014;4,896;48,96157742
tjk;Tajikistan;2015;5,124;51,24210835
tjk;Tajikistan;2016;5,104;51,03721142
tjk;Tajikistan;2017;5,829;58,29234123
tjk;Tajikistan;2018;5,497;54,97468948
tjk;Tajikistan;2019;5,464;54,64015484
tjk;Tajikistan;2020;5,373;53,73398781
tza;Tanzania;2006;3,922;39,22484159
tza;Tanzania;2007;4,318;43,17949772
tza;Tanzania;2008;4,385;43,84741783
tza;Tanzania;2009;3,408;34,07507896
tza;Tanzania;2010;3,229;32,29129076
tza;Tanzania;2011;4,074;40,73562145
tza;Tanzania;2012;4,007;40,06897449
tza;Tanzania;2013;3,852;38,52394819
tza;Tanzania;2014;3,483;34,83278513
tza;Tanzania;2015;3,661;36,60597324
tza;Tanzania;2016;2,903;29,0273428
tza;Tanzania;2017;3,347;33,47121239
tza;Tanzania;2018;3,445;34,45023298
tza;Tanzania;2019;3,64;36,40154839
tza;Tanzania;2020;3,786;37,85684109
tha;Thailand;2006;5,885;58,8543272
tha;Thailand;2007;5,784;57,83891201
tha;Thailand;2008;5,636;56,36471272
tha;Thailand;2009;5,476;54,75645065
tha;Thailand;2010;6,217;62,16702938
tha;Thailand;2011;6,664;66,63609028
tha;Thailand;2012;6,3;63,00235271
tha;Thailand;2013;6,231;62,31024742
tha;Thailand;2014;6,985;69,85463619
tha;Thailand;2015;6,202;62,01762676
tha;Thailand;2016;6,074;60,7363987
tha;Thailand;2017;5,939;59,38895226
tha;Thailand;2018;6,012;60,11561871
tha;Thailand;2019;6,022;60,2215147
tha;Thailand;2020;5,885;58,84544373
tgo;Togo;2006;3,202;32,02429295
tgo;Togo;2008;2,808;28,07855129
tgo;Togo;2011;2,936;29,36220884
tgo;Togo;2014;2,839;28,3895874
tgo;Togo;2015;3,768;37,68301964
tgo;Togo;2016;3,879;38,78578424
tgo;Togo;2017;4,361;43,60805035
tgo;Togo;2018;4,023;40,22894859
tgo;Togo;2019;4,179;41,79493904
tto;Trinidad and Tobago;2006;5,832;58,32188606
tto;Trinidad and Tobago;2008;6,696;66,96444035
tto;Trinidad and Tobago;2011;6,519;65,18745899
tto;Trinidad and Tobago;2013;6,168;61,67706966
tto;Trinidad and Tobago;2017;6,192;61,91859722
tun;Tunisia;2009;5,025;50,25470257
tun;Tunisia;2010;5,131;51,30520821
tun;Tunisia;2011;4,876;48,7648201
tun;Tunisia;2012;4,464;44,63531017
tun;Tunisia;2013;5,246;52,45604992
tun;Tunisia;2014;4,764;47,63594627
tun;Tunisia;2015;5,132;51,31611824
tun;Tunisia;2016;4,521;45,21453381
tun;Tunisia;2017;4,124;41,24342918
tun;Tunisia;2018;4,741;47,41132259
tun;Tunisia;2019;4,315;43,15479755
tun;Tunisia;2020;4,731;47,30811119
tur;Turkey;2005;4,719;47,18733788
tur;Turkey;2007;5,623;56,23471737
tur;Turkey;2008;5,118;51,18231773
tur;Turkey;2009;5,213;52,12841511
tur;Turkey;2010;5,49;54,90347385
tur;Turkey;2011;5,272;52,71944046
tur;Turkey;2012;5,309;53,09076309
tur;Turkey;2013;4,888;48,88177395
tur;Turkey;2014;5,58;55,79794407
tur;Turkey;2015;5,514;55,14465332
tur;Turkey;2016;5,326;53,26221943
tur;Turkey;2017;5,607;56,07262135
tur;Turkey;2018;5,186;51,85689449
tur;Turkey;2019;4,872;48,7207365
tur;Turkey;2020;4,862;48,61554146
tkm;Turkmenistan;2009;6,568;65,67713261
tkm;Turkmenistan;2011;5,792;57,91754723
tkm;Turkmenistan;2012;5,464;54,63827133
tkm;Turkmenistan;2013;5,392;53,91762733
tkm;Turkmenistan;2014;5,787;57,87379265
tkm;Turkmenistan;2015;5,791;57,91460037
tkm;Turkmenistan;2016;5,887;58,87051582
tkm;Turkmenistan;2017;5,229;52,29148865
tkm;Turkmenistan;2018;4,621;46,20601654
tkm;Turkmenistan;2019;5,474;54,74299908
uga;Uganda;2006;3,734;37,33583927
uga;Uganda;2007;4,456;44,5583868
uga;Uganda;2008;4,569;45,68619251
uga;Uganda;2009;4,612;46,11985683
uga;Uganda;2010;4,193;41,92882061
uga;Uganda;2011;4,826;48,26001167
uga;Uganda;2012;4,309;43,09237957
uga;Uganda;2013;3,71;37,09578753
uga;Uganda;2014;3,77;37,69919157
uga;Uganda;2015;4,238;42,37686634
uga;Uganda;2016;4,233;42,33261108
uga;Uganda;2017;4,001;40,00516891
uga;Uganda;2018;4,322;43,21714878
uga;Uganda;2019;4,948;49,48051453
uga;Uganda;2020;4,641;46,40909672
ukr;Ukraine;2006;4,804;48,03954124
ukr;Ukraine;2007;5,252;52,5218153
ukr;Ukraine;2008;5,172;51,72380447
ukr;Ukraine;2009;5,166;51,656394
ukr;Ukraine;2010;5,058;50,57561398
ukr;Ukraine;2011;5,083;50,83132744
ukr;Ukraine;2012;5,03;50,30342102
ukr;Ukraine;2013;4,711;47,10802555
ukr;Ukraine;2014;4,297;42,97329903
ukr;Ukraine;2015;3,965;39,64542866
ukr;Ukraine;2016;4,029;40,28690338
ukr;Ukraine;2017;4,311;43,11067104
ukr;Ukraine;2018;4,662;46,61909103
ukr;Ukraine;2019;4,702;47,01762199
ukr;Ukraine;2020;5,27;52,69675732
are;United Arab Emirates;2006;6,734;67,34221935
are;United Arab Emirates;2009;6,866;68,66062641
are;United Arab Emirates;2010;7,097;70,97455502
are;United Arab Emirates;2011;7,119;71,18701458
are;United Arab Emirates;2012;7,218;72,17766762
are;United Arab Emirates;2013;6,621;66,20951176
are;United Arab Emirates;2014;6,54;65,39854527
are;United Arab Emirates;2015;6,568;65,68397522
are;United Arab Emirates;2016;6,831;68,3095026
are;United Arab Emirates;2017;7,039;70,39419651
are;United Arab Emirates;2018;6,604;66,03743553
are;United Arab Emirates;2019;6,711;67,10782528
are;United Arab Emirates;2020;6,458;64,58392143
gbr;United Kingdom;2005;6,984;69,83556747
gbr;United Kingdom;2007;6,802;68,01930904
gbr;United Kingdom;2008;6,986;69,86463547
gbr;United Kingdom;2009;6,907;69,0654707
gbr;United Kingdom;2010;7,029;70,29364109
gbr;United Kingdom;2011;6,869;68,69248867
gbr;United Kingdom;2012;6,881;68,80784035
gbr;United Kingdom;2013;6,918;69,18055058
gbr;United Kingdom;2014;6,758;67,58147717
gbr;United Kingdom;2015;6,515;65,15445232
gbr;United Kingdom;2016;6,824;68,242836
gbr;United Kingdom;2017;7,103;71,03273392
gbr;United Kingdom;2018;7,233;72,33445168
gbr;United Kingdom;2019;7,157;71,57151222
gbr;United Kingdom;2020;6,798;67,98177242
usa;United States;2006;7,182;71,8179369
usa;United States;2007;7,513;75,12687683
usa;United States;2008;7,28;72,80385971
usa;United States;2009;7,158;71,58032417
usa;United States;2010;7,164;71,6361618
usa;United States;2011;7,115;71,15138531
usa;United States;2012;7,026;70,26226997
usa;United States;2013;7,249;72,49285221
usa;United States;2014;7,151;71,51114464
usa;United States;2015;6,864;68,63946915
usa;United States;2016;6,804;68,03599834
usa;United States;2017;6,992;69,917593
usa;United States;2018;6,883;68,82684708
usa;United States;2019;6,944;69,43701267
usa;United States;2020;7,028;70,28088093
ury;Uruguay;2006;5,786;57,85868168
ury;Uruguay;2007;5,694;56,93945885
ury;Uruguay;2008;5,664;56,63869858
ury;Uruguay;2009;6,296;62,96222687
ury;Uruguay;2010;6,062;60,62010765
ury;Uruguay;2011;6,554;65,54047108
ury;Uruguay;2012;6,45;64,49728489
ury;Uruguay;2013;6,444;64,44464684
ury;Uruguay;2014;6,561;65,61443806
ury;Uruguay;2015;6,628;66,28080368
ury;Uruguay;2016;6,171;61,71485424
ury;Uruguay;2017;6,336;63,36009979
ury;Uruguay;2018;6,372;63,71714592
ury;Uruguay;2019;6,6;66,00337029
ury;Uruguay;2020;6,31;63,09681416
uzb;Uzbekistan;2006;5,232;52,32322216
uzb;Uzbekistan;2008;5,311;53,11368465
uzb;Uzbekistan;2009;5,261;52,6072073
uzb;Uzbekistan;2010;5,095;50,95342159
uzb;Uzbekistan;2011;5,739;57,38744259
uzb;Uzbekistan;2012;6,019;60,19331932
uzb;Uzbekistan;2013;5,94;59,39986229
uzb;Uzbekistan;2014;6,049;60,49212456
uzb;Uzbekistan;2015;5,972;59,72364426
uzb;Uzbekistan;2016;5,893;58,92539024
uzb;Uzbekistan;2017;6,421;64,21447754
uzb;Uzbekistan;2018;6,205;62,05460072
uzb;Uzbekistan;2019;6,154;61,54049397
ven;Venezuela;2005;7,17;71,69620991
ven;Venezuela;2006;6,525;65,25146008
ven;Venezuela;2008;6,258;62,57771492
ven;Venezuela;2009;7,189;71,88803196
ven;Venezuela;2010;7,478;74,7845459
ven;Venezuela;2011;6,58;65,79789162
ven;Venezuela;2012;7,067;70,66577435
ven;Venezuela;2013;6,553;65,52796364
ven;Venezuela;2014;6,136;61,36096478
ven;Venezuela;2015;5,569;55,68800449
ven;Venezuela;2016;4,041;40,41114807
ven;Venezuela;2017;5,071;50,70750713
ven;Venezuela;2018;5,006;50,05663395
ven;Venezuela;2019;5,081;50,80803394
ven;Venezuela;2020;4,574;45,73829651
vnm;Vietnam;2006;5,294;52,93659687
vnm;Vietnam;2007;5,422;54,21687603
vnm;Vietnam;2008;5,48;54,80425358
vnm;Vietnam;2009;5,304;53,04264545
vnm;Vietnam;2010;5,296;52,95780659
vnm;Vietnam;2011;5,767;57,67344475
vnm;Vietnam;2012;5,535;55,3456974
vnm;Vietnam;2013;5,023;50,22698879
vnm;Vietnam;2014;5,085;50,84923267
vnm;Vietnam;2015;5,076;50,76315403
vnm;Vietnam;2016;5,062;50,62267303
vnm;Vietnam;2017;5,175;51,75278664
vnm;Vietnam;2018;5,296;52,95547009
vnm;Vietnam;2019;5,467;54,67451096
yem;Yemen;2007;4,477;44,77132797
yem;Yemen;2009;4,809;48,09258938
yem;Yemen;2010;4,35;43,5031271
yem;Yemen;2011;3,746;37,46255636
yem;Yemen;2012;4,061;40,60600758
yem;Yemen;2013;4,218;42,17678547
yem;Yemen;2014;3,968;39,67957973
yem;Yemen;2015;2,983;29,82673883
yem;Yemen;2016;3,826;38,25630903
yem;Yemen;2017;3,254;32,53560066
yem;Yemen;2018;3,058;30,57513952
yem;Yemen;2019;4,197;41,96912766
zmb;Zambia;2006;4,824;48,24454784
zmb;Zambia;2007;3,998;39,98293161
zmb;Zambia;2008;4,73;47,30263233
zmb;Zambia;2009;5,26;52,60360718
zmb;Zambia;2011;4,999;49,9911356
zmb;Zambia;2012;5,013;50,13374805
zmb;Zambia;2013;5,244;52,43995667
zmb;Zambia;2014;4,346;43,45837116
zmb;Zambia;2015;4,843;48,43164444
zmb;Zambia;2016;4,348;43,47543716
zmb;Zambia;2017;3,933;39,32777405
zmb;Zambia;2018;4,041;40,41488171
zmb;Zambia;2019;3,307;33,06796551
zmb;Zambia;2020;4,838;48,37992191
zwe;Zimbabwe;2006;3,826;38,26268435
zwe;Zimbabwe;2007;3,28;32,80246735
zwe;Zimbabwe;2008;3,174;31,74263716
zwe;Zimbabwe;2009;4,056;40,55914402
zwe;Zimbabwe;2010;4,682;46,81569576
zwe;Zimbabwe;2011;4,846;48,45641613
zwe;Zimbabwe;2012;4,955;49,55100536
zwe;Zimbabwe;2013;4,69;46,90187931
zwe;Zimbabwe;2014;4,184;41,84450626
zwe;Zimbabwe;2015;3,703;37,0319128
zwe;Zimbabwe;2016;3,735;37,354002
zwe;Zimbabwe;2017;3,638;36,3830018
zwe;Zimbabwe;2018;3,616;36,16479874
zwe;Zimbabwe;2019;2,694;26,93523169
zwe;Zimbabwe;2020;3,16;31,59802198
